[
  {
   "pins": [
      [
        "A",
        "B",
        "Y",
        "gnd",
        "vdd"
      ], [
        "A",
        "B",
        "Y",
        "gnd",
        "vdd"
      ]
   ]
  },
  {
   "pins": [
      [
        "A",
        "B",
        "Y",
        "gnd",
        "vdd"
      ], [
        "A",
        "B",
        "Y",
        "gnd",
        "vdd"
      ]
   ]
  },
  {
   "pins": [
      [
        "A",
        "B",
        "C",
        "Y",
        "gnd",
        "vdd"
      ], [
        "A",
        "B",
        "C",
        "Y",
        "gnd",
        "vdd"
      ]
   ]
  },
  {
   "pins": [
      [
        "A",
        "B",
        "Y",
        "gnd",
        "vdd"
      ], [
        "A",
        "B",
        "Y",
        "gnd",
        "vdd"
      ]
   ]
  },
  {
   "pins": [
      [
        "A",
        "B",
        "Y",
        "gnd",
        "vdd"
      ], [
        "A",
        "B",
        "Y",
        "gnd",
        "vdd"
      ]
   ]
  },
  {
   "pins": [
      [
        "A",
        "B",
        "C",
        "Y",
        "gnd",
        "vdd"
      ], [
        "A",
        "B",
        "C",
        "Y",
        "gnd",
        "vdd"
      ]
   ]
  },
  {
   "pins": [
      [
        "A",
        "B",
        "Y",
        "gnd",
        "vdd"
      ], [
        "A",
        "B",
        "Y",
        "gnd",
        "vdd"
      ]
   ]
  },
  {
   "pins": [
      [
        "A",
        "B",
        "C",
        "Y",
        "gnd",
        "vdd"
      ], [
        "A",
        "B",
        "C",
        "Y",
        "gnd",
        "vdd"
      ]
   ]
  },
  {
   "pins": [
      [
        "A",
        "Y",
        "gnd",
        "vdd"
      ], [
        "A",
        "Y",
        "gnd",
        "vdd"
      ]
   ]
  },
  {
   "pins": [
      [
        "A",
        "Y",
        "gnd",
        "vdd"
      ], [
        "A",
        "Y",
        "gnd",
        "vdd"
      ]
   ]
  },
  {
   "pins": [
      [
        "A",
        "B",
        "C",
        "Y",
        "gnd",
        "vdd"
      ], [
        "A",
        "B",
        "C",
        "Y",
        "gnd",
        "vdd"
      ]
   ]
  },
  {
   "name": [
      "add",
      "add"
   ],
   "devices": [
       [
         ["AND2X2", 7],
         ["OR2X2", 11],
         ["NOR3X1", 1],
         ["NAND2X1", 7],
         ["XOR2X1", 8],
         ["NAND3X1", 3],
         ["XNOR2X1", 6],
         ["OAI21X1", 2],
         ["BUFX2", 9],
         ["INVX1", 1],
         ["AOI21X1", 1 ]
       ], [
         ["AND2X2", 7 ],
         ["OR2X2", 11 ],
         ["NOR3X1", 1 ],
         ["NAND2X1", 7 ],
         ["XOR2X1", 8 ],
         ["NAND3X1", 3 ],
         ["XNOR2X1", 6 ],
         ["OAI21X1", 2 ],
         ["BUFX2", 9 ],
         ["INVX1", 1 ],
         ["AOI21X1", 1 ]
       ]
   ],
   "nets": [
    78,
    74
   ],
   "badnets": [
      [
        [
          [
            "_93_/vdd",
            [
              [ "OR2X2", "vdd", 5 ],
              [ "NOR3X1", "vdd", 1 ],
              [ "XOR2X1", "vdd", 4 ],
              [ "NAND3X1", "vdd", 3 ],
              [ "AND2X2", "vdd", 3 ],
              [ "XNOR2X1", "vdd", 1 ],
              [ "NAND2X1", "vdd", 3 ],
              [ "BUFX2", "vdd", 2 ],
              [ "INVX1", "vdd", 1 ]
            ]
          ],
          [
            "_94_/gnd",
            [
              [ "NOR3X1", "gnd", 1 ],
              [ "NAND3X1", "gnd", 2 ],
              [ "XOR2X1", "gnd", 3 ],
              [ "OR2X2", "gnd", 4 ],
              [ "AND2X2", "gnd", 3 ],
              [ "NAND2X1", "gnd", 3 ],
              [ "XNOR2X1", "gnd", 1 ],
              [ "OAI21X1", "gnd", 1 ],
              [ "BUFX2", "gnd", 6 ],
              [ "INVX1", "gnd", 1 ]
            ]
          ],
          [
            "_88_/gnd",
            [
              [ "AND2X2", "gnd", 1 ],
              [ "OR2X2", "gnd", 1 ],
              [ "XNOR2X1", "gnd", 4 ],
              [ "NAND2X1", "gnd", 2 ],
              [ "OAI21X1", "gnd", 1 ],
              [ "BUFX2", "gnd", 1 ]
            ]
          ],
          [
            "_94_/vdd",
            [
              [ "OR2X2", "vdd", 1 ],
              [ "XNOR2X1", "vdd", 1 ],
              [ "OAI21X1", "vdd", 1 ],
              [ "BUFX2", "vdd", 6 ],
              [ "NAND2X1", "vdd", 1 ],
              [ "XOR2X1", "vdd", 2 ]
            ]
          ]
        ], [
          [
            "(no matching net)",
            [
              [ "", "", 0 ]
            ]
          ],
          [
            "(no matching net)",
            [
              [ "", "", 0 ]
            ]
          ],
          [
            "(no matching net)",
            [
              [ "", "", 0 ]
            ]
          ],
          [
            "(no matching net)",
            [
              [ "", "", 0 ]
            ]
          ]
        ]
      ],
      [
        [
          [
            "(no matching net)",
            [
              [ "", "", 0 ]
            ]
          ],
          [
            "(no matching net)",
            [
              [ "", "", 0 ]
            ]
          ]
        ], [
          [
            "gnd",
            [
              [ "NAND2X1", "gnd", 7 ],
              [ "OR2X2", "gnd", 11 ],
              [ "AOI21X1", "gnd", 1 ],
              [ "BUFX2", "gnd", 9 ],
              [ "AND2X2", "gnd", 7 ],
              [ "XNOR2X1", "gnd", 6 ],
              [ "NAND3X1", "gnd", 3 ],
              [ "OAI21X1", "gnd", 2 ],
              [ "XOR2X1", "gnd", 8 ],
              [ "INVX1", "gnd", 1 ],
              [ "NOR3X1", "gnd", 1 ]
            ]
          ],
          [
            "vdd",
            [
              [ "NAND2X1", "vdd", 7 ],
              [ "OR2X2", "vdd", 11 ],
              [ "AOI21X1", "vdd", 1 ],
              [ "BUFX2", "vdd", 9 ],
              [ "AND2X2", "vdd", 7 ],
              [ "XNOR2X1", "vdd", 6 ],
              [ "NAND3X1", "vdd", 3 ],
              [ "OAI21X1", "vdd", 2 ],
              [ "XOR2X1", "vdd", 8 ],
              [ "INVX1", "vdd", 1 ],
              [ "NOR3X1", "vdd", 1 ]
            ]
          ]
        ]
      ],
      [
        [
          [
            "c[0]",
            [
              [ "BUFX2", "Y", 1 ]
            ]
          ],
          [
            "c[1]",
            [
              [ "BUFX2", "Y", 1 ]
            ]
          ],
          [
            "c[4]",
            [
              [ "BUFX2", "Y", 1 ]
            ]
          ],
          [
            "c[5]",
            [
              [ "BUFX2", "Y", 1 ]
            ]
          ],
          [
            "c[6]",
            [
              [ "BUFX2", "Y", 1 ]
            ]
          ],
          [
            "c[8]",
            [
              [ "BUFX2", "Y", 1 ]
            ]
          ],
          [
            "c[2]",
            [
              [ "BUFX2", "Y", 1 ]
            ]
          ],
          [
            "(no matching net)",
            [
              [ "", "", 0 ]
            ]
          ],
          [
            "(no matching net)",
            [
              [ "", "", 0 ]
            ]
          ]
        ], [
          [
            "c[1]",
            [
              [ "BUFX2", "Y", 1 ]
            ]
          ],
          [
            "c[4]",
            [
              [ "BUFX2", "Y", 1 ]
            ]
          ],
          [
            "c[7]",
            [
              [ "BUFX2", "Y", 1 ]
            ]
          ],
          [
            "c[2]",
            [
              [ "BUFX2", "Y", 1 ]
            ]
          ],
          [
            "c[5]",
            [
              [ "BUFX2", "Y", 1 ]
            ]
          ],
          [
            "c[8]",
            [
              [ "BUFX2", "Y", 1 ]
            ]
          ],
          [
            "c[0]",
            [
              [ "BUFX2", "Y", 1 ]
            ]
          ],
          [
            "c[3]",
            [
              [ "BUFX2", "Y", 1 ]
            ]
          ],
          [
            "c[6]",
            [
              [ "BUFX2", "Y", 1 ]
            ]
          ]
        ]
      ],
      [
        [
          [
            "_79_/B",
            [
              [ "NOR3X1", "A", 1 ],
              [ "AND2X2", "Y", 1 ],
              [ "OR2X2", "B", 1 ],
              [ "OAI21X1", "B", 1 ],
              [ "XOR2X1", "B", 1 ]
            ]
          ]
        ], [
          [
            "_24_",
            [
              [ "OAI21X1", "B", 1 ],
              [ "XOR2X1", "B", 1 ],
              [ "OR2X2", "B", 1 ],
              [ "NOR3X1", "A", 1 ],
              [ "AND2X2", "Y", 1 ]
            ]
          ]
        ]
      ],
      [
        [
          [
            "_71_/A",
            [
              [ "OR2X2", "B", 1 ],
              [ "XNOR2X1", "Y", 1 ],
              [ "OAI21X1", "A", 1 ],
              [ "XOR2X1", "A", 1 ]
            ]
          ],
          [
            "_71_/B",
            [
              [ "OR2X2", "B", 1 ],
              [ "OAI21X1", "B", 1 ],
              [ "AOI21X1", "Y", 1 ],
              [ "XOR2X1", "B", 1 ]
            ]
          ],
          [
            "_72_/A",
            [
              [ "OR2X2", "A", 2 ],
              [ "XNOR2X1", "Y", 1 ],
              [ "XNOR2X1", "A", 1 ]
            ]
          ],
          [
            "_75_/A",
            [
              [ "NAND3X1", "B", 1 ],
              [ "NAND3X1", "A", 1 ],
              [ "OR2X2", "Y", 1 ],
              [ "NAND2X1", "A", 1 ]
            ]
          ],
          [
            "_75_/B",
            [
              [ "NAND3X1", "A", 1 ],
              [ "AND2X2", "B", 1 ],
              [ "NAND2X1", "Y", 1 ],
              [ "NAND2X1", "B", 1 ]
            ]
          ],
          [
            "_82_/A",
            [
              [ "OR2X2", "A", 1 ],
              [ "XOR2X1", "A", 1 ],
              [ "OR2X2", "B", 1 ],
              [ "XNOR2X1", "Y", 1 ]
            ]
          ],
          [
            "_84_/A",
            [
              [ "OR2X2", "A", 2 ],
              [ "XNOR2X1", "Y", 1 ],
              [ "XOR2X1", "A", 1 ]
            ]
          ]
        ], [
          [
            "_5_",
            [
              [ "XNOR2X1", "Y", 1 ],
              [ "OR2X2", "A", 2 ],
              [ "XOR2X1", "A", 1 ]
            ]
          ],
          [
            "_1_",
            [
              [ "NAND3X1", "A", 1 ],
              [ "AND2X2", "B", 1 ],
              [ "NAND2X1", "Y", 1 ],
              [ "NAND2X1", "B", 1 ]
            ]
          ],
          [
            "_2_",
            [
              [ "NAND3X1", "A", 1 ],
              [ "NAND3X1", "B", 1 ],
              [ "OR2X2", "Y", 1 ],
              [ "NAND2X1", "A", 1 ]
            ]
          ],
          [
            "_6_",
            [
              [ "XNOR2X1", "Y", 1 ],
              [ "OR2X2", "A", 1 ],
              [ "OR2X2", "B", 1 ],
              [ "XOR2X1", "A", 1 ]
            ]
          ],
          [
            "_15_",
            [
              [ "AOI21X1", "Y", 1 ],
              [ "OAI21X1", "B", 1 ],
              [ "XOR2X1", "B", 1 ],
              [ "OR2X2", "B", 1 ]
            ]
          ],
          [
            "_16_",
            [
              [ "OR2X2", "A", 2 ],
              [ "XNOR2X1", "Y", 1 ],
              [ "XNOR2X1", "A", 1 ]
            ]
          ],
          [
            "_17_",
            [
              [ "OR2X2", "B", 1 ],
              [ "OAI21X1", "A", 1 ],
              [ "XNOR2X1", "Y", 1 ],
              [ "XOR2X1", "A", 1 ]
            ]
          ]
        ]
      ],
      [
        [
          [
            "b[1]",
            [
              [ "OR2X2", "B", 1 ],
              [ "AND2X2", "B", 1 ],
              [ "XOR2X1", "B", 1 ]
            ]
          ],
          [
            "a[1]",
            [
              [ "OR2X2", "A", 1 ],
              [ "AND2X2", "A", 1 ],
              [ "XOR2X1", "A", 1 ]
            ]
          ],
          [
            "_69_/A",
            [
              [ "AOI21X1", "A", 1 ],
              [ "AND2X2", "Y", 1 ],
              [ "XOR2X1", "A", 1 ]
            ]
          ],
          [
            "_77_/A",
            [
              [ "OAI21X1", "A", 1 ],
              [ "XOR2X1", "A", 1 ],
              [ "INVX1", "Y", 1 ]
            ]
          ],
          [
            "_71_/C",
            [
              [ "OR2X2", "B", 1 ],
              [ "NAND2X1", "Y", 1 ],
              [ "OAI21X1", "C", 1 ]
            ]
          ],
          [
            "_80_/B",
            [
              [ "OR2X2", "B", 1 ],
              [ "AND2X2", "B", 1 ],
              [ "AND2X2", "Y", 1 ]
            ]
          ],
          [
            "b[4]",
            [
              [ "XOR2X1", "B", 1 ],
              [ "NAND3X1", "C", 1 ],
              [ "NAND2X1", "B", 1 ]
            ]
          ],
          [
            "a[4]",
            [
              [ "XOR2X1", "A", 1 ],
              [ "NAND3X1", "B", 1 ],
              [ "NAND2X1", "A", 1 ]
            ]
          ],
          [
            "_73_/A",
            [
              [ "NAND3X1", "C", 1 ],
              [ "XOR2X1", "Y", 1 ],
              [ "INVX1", "A", 1 ]
            ]
          ],
          [
            "_82_/B",
            [
              [ "OR2X2", "B", 1 ],
              [ "XOR2X1", "B", 1 ],
              [ "AND2X2", "Y", 1 ]
            ]
          ],
          [
            "_66_/C",
            [
              [ "NOR3X1", "C", 1 ],
              [ "OR2X2", "A", 1 ],
              [ "OR2X2", "Y", 1 ]
            ]
          ],
          [
            "_79_/A",
            [
              [ "NOR3X1", "B", 1 ],
              [ "NAND3X1", "Y", 1 ],
              [ "OR2X2", "A", 1 ]
            ]
          ],
          [
            "_83_/B",
            [
              [ "AND2X2", "B", 1 ],
              [ "OR2X2", "B", 1 ],
              [ "NAND2X1", "Y", 1 ]
            ]
          ]
        ], [
          [
            "_7_",
            [
              [ "OR2X2", "A", 1 ],
              [ "OR2X2", "Y", 1 ],
              [ "NOR3X1", "C", 1 ]
            ]
          ],
          [
            "_26_",
            [
              [ "NAND3X1", "Y", 1 ],
              [ "OR2X2", "A", 1 ],
              [ "NOR3X1", "B", 1 ]
            ]
          ],
          [
            "_25_",
            [
              [ "NAND3X1", "C", 1 ],
              [ "INVX1", "A", 1 ],
              [ "XOR2X1", "Y", 1 ]
            ]
          ],
          [
            "_30_",
            [
              [ "OAI21X1", "A", 1 ],
              [ "XOR2X1", "A", 1 ],
              [ "INVX1", "Y", 1 ]
            ]
          ],
          [
            "_35_",
            [
              [ "AND2X2", "Y", 1 ],
              [ "OR2X2", "B", 1 ],
              [ "XOR2X1", "B", 1 ]
            ]
          ],
          [
            "_4_",
            [
              [ "AND2X2", "B", 1 ],
              [ "OR2X2", "B", 1 ],
              [ "AND2X2", "Y", 1 ]
            ]
          ],
          [
            "b[4]",
            [
              [ "NAND3X1", "C", 1 ],
              [ "NAND2X1", "B", 1 ],
              [ "XOR2X1", "B", 1 ]
            ]
          ],
          [
            "a[4]",
            [
              [ "NAND3X1", "B", 1 ],
              [ "NAND2X1", "A", 1 ],
              [ "XOR2X1", "A", 1 ]
            ]
          ],
          [
            "_9_",
            [
              [ "NAND2X1", "Y", 1 ],
              [ "AND2X2", "B", 1 ],
              [ "OR2X2", "B", 1 ]
            ]
          ],
          [
            "b[1]",
            [
              [ "AND2X2", "B", 1 ],
              [ "XOR2X1", "B", 1 ],
              [ "OR2X2", "B", 1 ]
            ]
          ],
          [
            "a[1]",
            [
              [ "AND2X2", "A", 1 ],
              [ "XOR2X1", "A", 1 ],
              [ "OR2X2", "A", 1 ]
            ]
          ],
          [
            "_13_",
            [
              [ "AOI21X1", "A", 1 ],
              [ "AND2X2", "Y", 1 ],
              [ "XOR2X1", "A", 1 ]
            ]
          ],
          [
            "_21_",
            [
              [ "NAND2X1", "Y", 1 ],
              [ "OAI21X1", "C", 1 ],
              [ "OR2X2", "B", 1 ]
            ]
          ]
        ]
      ],
      [
        [
          [
            "_86_/A",
            [
              [ "BUFX2", "A", 1 ],
              [ "XOR2X1", "Y", 1 ]
            ]
          ],
          [
            "_69_/B",
            [
              [ "XOR2X1", "B", 1 ],
              [ "XOR2X1", "Y", 1 ]
            ]
          ],
          [
            "_87_/A",
            [
              [ "BUFX2", "A", 1 ],
              [ "XOR2X1", "Y", 1 ]
            ]
          ],
          [
            "_67_/A",
            [
              [ "NAND3X1", "Y", 1 ],
              [ "OR2X2", "A", 1 ]
            ]
          ],
          [
            "b[0]",
            [
              [ "AND2X2", "B", 1 ],
              [ "XOR2X1", "B", 1 ]
            ]
          ],
          [
            "a[0]",
            [
              [ "AND2X2", "A", 1 ],
              [ "XOR2X1", "A", 1 ]
            ]
          ],
          [
            "_88_/A",
            [
              [ "XOR2X1", "Y", 1 ],
              [ "BUFX2", "A", 1 ]
            ]
          ],
          [
            "_54_/C",
            [
              [ "AOI21X1", "C", 1 ],
              [ "AND2X2", "Y", 1 ]
            ]
          ],
          [
            "_54_/B",
            [
              [ "AOI21X1", "B", 1 ],
              [ "OR2X2", "Y", 1 ]
            ]
          ],
          [
            "_89_/A",
            [
              [ "XNOR2X1", "Y", 1 ],
              [ "BUFX2", "A", 1 ]
            ]
          ],
          [
            "_72_/B",
            [
              [ "XNOR2X1", "B", 1 ],
              [ "OAI21X1", "Y", 1 ]
            ]
          ],
          [
            "_50_/B",
            [
              [ "NAND2X1", "Y", 1 ],
              [ "NAND3X1", "B", 1 ]
            ]
          ],
          [
            "_90_/A",
            [
              [ "XOR2X1", "Y", 1 ],
              [ "BUFX2", "A", 1 ]
            ]
          ],
          [
            "_58_/A",
            [
              [ "OR2X2", "A", 1 ],
              [ "OR2X2", "Y", 1 ]
            ]
          ],
          [
            "b[3]",
            [
              [ "NAND2X1", "B", 1 ],
              [ "XNOR2X1", "B", 1 ]
            ]
          ],
          [
            "a[3]",
            [
              [ "NAND2X1", "A", 1 ],
              [ "XNOR2X1", "A", 1 ]
            ]
          ],
          [
            "_93_/A",
            [
              [ "BUFX2", "A", 1 ],
              [ "XOR2X1", "Y", 1 ]
            ]
          ],
          [
            "_94_/A",
            [
              [ "BUFX2", "A", 1 ],
              [ "OR2X2", "Y", 1 ]
            ]
          ],
          [
            "_77_/C",
            [
              [ "OAI21X1", "C", 1 ],
              [ "NAND2X1", "Y", 1 ]
            ]
          ],
          [
            "_91_/A",
            [
              [ "XNOR2X1", "Y", 1 ],
              [ "BUFX2", "A", 1 ]
            ]
          ],
          [
            "_78_/B",
            [
              [ "XNOR2X1", "B", 1 ],
              [ "OAI21X1", "Y", 1 ]
            ]
          ],
          [
            "_78_/A",
            [
              [ "XNOR2X1", "A", 1 ],
              [ "NAND2X1", "Y", 1 ]
            ]
          ],
          [
            "b[5]",
            [
              [ "OR2X2", "B", 1 ],
              [ "NAND2X1", "B", 1 ]
            ]
          ],
          [
            "a[5]",
            [
              [ "OR2X2", "A", 1 ],
              [ "NAND2X1", "A", 1 ]
            ]
          ],
          [
            "_43_/A",
            [
              [ "AND2X2", "A", 1 ],
              [ "NAND3X1", "Y", 1 ]
            ]
          ],
          [
            "b[2]",
            [
              [ "NAND2X1", "B", 1 ],
              [ "XNOR2X1", "B", 1 ]
            ]
          ],
          [
            "a[2]",
            [
              [ "NAND2X1", "A", 1 ],
              [ "XNOR2X1", "A", 1 ]
            ]
          ],
          [
            "b[7]",
            [
              [ "XNOR2X1", "B", 1 ],
              [ "NAND2X1", "B", 1 ]
            ]
          ],
          [
            "a[7]",
            [
              [ "XNOR2X1", "A", 1 ],
              [ "NAND2X1", "A", 1 ]
            ]
          ],
          [
            "_62_/B",
            [
              [ "AND2X2", "B", 1 ],
              [ "NAND2X1", "Y", 1 ]
            ]
          ],
          [
            "_62_/A",
            [
              [ "AND2X2", "A", 1 ],
              [ "OR2X2", "Y", 1 ]
            ]
          ],
          [
            "_80_/A",
            [
              [ "AND2X2", "A", 1 ],
              [ "OR2X2", "Y", 1 ]
            ]
          ],
          [
            "_50_/A",
            [
              [ "OR2X2", "Y", 1 ],
              [ "NAND3X1", "A", 1 ]
            ]
          ],
          [
            "_63_/B",
            [
              [ "AND2X2", "B", 1 ],
              [ "AND2X2", "Y", 1 ]
            ]
          ],
          [
            "_63_/A",
            [
              [ "AND2X2", "A", 1 ],
              [ "OR2X2", "Y", 1 ]
            ]
          ],
          [
            "_92_/A",
            [
              [ "XOR2X1", "Y", 1 ],
              [ "BUFX2", "A", 1 ]
            ]
          ],
          [
            "b[6]",
            [
              [ "NAND2X1", "B", 1 ],
              [ "XNOR2X1", "B", 1 ]
            ]
          ],
          [
            "a[6]",
            [
              [ "NAND2X1", "A", 1 ],
              [ "XNOR2X1", "A", 1 ]
            ]
          ],
          [
            "_67_/B",
            [
              [ "NOR3X1", "Y", 1 ],
              [ "OR2X2", "B", 1 ]
            ]
          ],
          [
            "_50_/C",
            [
              [ "OR2X2", "Y", 1 ],
              [ "NAND3X1", "C", 1 ]
            ]
          ],
          [
            "_84_/B",
            [
              [ "AND2X2", "Y", 1 ],
              [ "XOR2X1", "B", 1 ]
            ]
          ],
          [
            "_83_/A",
            [
              [ "AND2X2", "A", 1 ],
              [ "OR2X2", "Y", 1 ]
            ]
          ]
        ], [
          [
            "_31_",
            [
              [ "XNOR2X1", "A", 1 ],
              [ "NAND2X1", "Y", 1 ]
            ]
          ],
          [
            "_38_[1]",
            [
              [ "BUFX2", "A", 1 ],
              [ "XOR2X1", "Y", 1 ]
            ]
          ],
          [
            "_38_[7]",
            [
              [ "BUFX2", "A", 1 ],
              [ "XOR2X1", "Y", 1 ]
            ]
          ],
          [
            "_19_",
            [
              [ "OR2X2", "Y", 1 ],
              [ "AND2X2", "A", 1 ]
            ]
          ],
          [
            "_27_",
            [
              [ "OR2X2", "B", 1 ],
              [ "NOR3X1", "Y", 1 ]
            ]
          ],
          [
            "a[5]",
            [
              [ "OR2X2", "A", 1 ],
              [ "NAND2X1", "A", 1 ]
            ]
          ],
          [
            "b[5]",
            [
              [ "OR2X2", "B", 1 ],
              [ "NAND2X1", "B", 1 ]
            ]
          ],
          [
            "a[0]",
            [
              [ "XOR2X1", "A", 1 ],
              [ "AND2X2", "A", 1 ]
            ]
          ],
          [
            "b[0]",
            [
              [ "XOR2X1", "B", 1 ],
              [ "AND2X2", "B", 1 ]
            ]
          ],
          [
            "_11_",
            [
              [ "NAND3X1", "Y", 1 ],
              [ "OR2X2", "A", 1 ]
            ]
          ],
          [
            "_10_",
            [
              [ "NAND3X1", "C", 1 ],
              [ "OR2X2", "Y", 1 ]
            ]
          ],
          [
            "_8_",
            [
              [ "NAND3X1", "A", 1 ],
              [ "OR2X2", "Y", 1 ]
            ]
          ],
          [
            "_38_[2]",
            [
              [ "BUFX2", "A", 1 ],
              [ "XOR2X1", "Y", 1 ]
            ]
          ],
          [
            "_38_[5]",
            [
              [ "BUFX2", "A", 1 ],
              [ "XNOR2X1", "Y", 1 ]
            ]
          ],
          [
            "_38_[8]",
            [
              [ "BUFX2", "A", 1 ],
              [ "OR2X2", "Y", 1 ]
            ]
          ],
          [
            "_23_",
            [
              [ "AND2X2", "Y", 1 ],
              [ "AND2X2", "B", 1 ]
            ]
          ],
          [
            "_20_",
            [
              [ "AND2X2", "B", 1 ],
              [ "NAND2X1", "Y", 1 ]
            ]
          ],
          [
            "_22_",
            [
              [ "AND2X2", "A", 1 ],
              [ "OR2X2", "Y", 1 ]
            ]
          ],
          [
            "_28_",
            [
              [ "XOR2X1", "Y", 1 ],
              [ "XOR2X1", "B", 1 ]
            ]
          ],
          [
            "_29_",
            [
              [ "OAI21X1", "Y", 1 ],
              [ "XNOR2X1", "B", 1 ]
            ]
          ],
          [
            "_38_[4]",
            [
              [ "XOR2X1", "Y", 1 ],
              [ "BUFX2", "A", 1 ]
            ]
          ],
          [
            "_32_",
            [
              [ "OAI21X1", "C", 1 ],
              [ "NAND2X1", "Y", 1 ]
            ]
          ],
          [
            "_33_",
            [
              [ "OAI21X1", "Y", 1 ],
              [ "XNOR2X1", "B", 1 ]
            ]
          ],
          [
            "_0_",
            [
              [ "NAND2X1", "Y", 1 ],
              [ "NAND3X1", "B", 1 ]
            ]
          ],
          [
            "_34_",
            [
              [ "AND2X2", "A", 1 ],
              [ "OR2X2", "Y", 1 ]
            ]
          ],
          [
            "_3_",
            [
              [ "NAND3X1", "Y", 1 ],
              [ "AND2X2", "A", 1 ]
            ]
          ],
          [
            "_37_",
            [
              [ "AND2X2", "Y", 1 ],
              [ "XOR2X1", "B", 1 ]
            ]
          ],
          [
            "_36_",
            [
              [ "AND2X2", "A", 1 ],
              [ "OR2X2", "Y", 1 ]
            ]
          ],
          [
            "_38_[0]",
            [
              [ "BUFX2", "A", 1 ],
              [ "XOR2X1", "Y", 1 ]
            ]
          ],
          [
            "_38_[3]",
            [
              [ "BUFX2", "A", 1 ],
              [ "XNOR2X1", "Y", 1 ]
            ]
          ],
          [
            "_38_[6]",
            [
              [ "BUFX2", "A", 1 ],
              [ "XOR2X1", "Y", 1 ]
            ]
          ],
          [
            "_12_",
            [
              [ "AOI21X1", "C", 1 ],
              [ "AND2X2", "Y", 1 ]
            ]
          ],
          [
            "_14_",
            [
              [ "AOI21X1", "B", 1 ],
              [ "OR2X2", "Y", 1 ]
            ]
          ],
          [
            "_18_",
            [
              [ "OR2X2", "Y", 1 ],
              [ "OR2X2", "A", 1 ]
            ]
          ],
          [
            "(no matching net)",
            [
              [ "", "", 0 ]
            ]
          ],
          [
            "(no matching net)",
            [
              [ "", "", 0 ]
            ]
          ],
          [
            "(no matching net)",
            [
              [ "", "", 0 ]
            ]
          ],
          [
            "(no matching net)",
            [
              [ "", "", 0 ]
            ]
          ],
          [
            "(no matching net)",
            [
              [ "", "", 0 ]
            ]
          ],
          [
            "(no matching net)",
            [
              [ "", "", 0 ]
            ]
          ],
          [
            "(no matching net)",
            [
              [ "", "", 0 ]
            ]
          ],
          [
            "(no matching net)",
            [
              [ "", "", 0 ]
            ]
          ]
        ]
      ],
      [
        [
          [
            "_93_/gnd",
            [
              [ "AND2X2", "gnd", 3 ],
              [ "OR2X2", "gnd", 6 ],
              [ "NAND2X1", "gnd", 2 ],
              [ "XOR2X1", "gnd", 5 ],
              [ "XNOR2X1", "gnd", 1 ],
              [ "BUFX2", "gnd", 2 ],
              [ "AOI21X1", "gnd", 1 ],
              [ "NAND3X1", "gnd", 1 ]
            ]
          ],
          [
            "_88_/vdd",
            [
              [ "AND2X2", "vdd", 4 ],
              [ "NAND2X1", "vdd", 3 ],
              [ "OR2X2", "vdd", 5 ],
              [ "XNOR2X1", "vdd", 4 ],
              [ "OAI21X1", "vdd", 1 ],
              [ "AOI21X1", "vdd", 1 ],
              [ "XOR2X1", "vdd", 2 ],
              [ "BUFX2", "vdd", 1 ]
            ]
          ]
        ], [
          [
            "(no matching net)",
            [
              [ "", "", 0 ]
            ]
          ],
          [
            "(no matching net)",
            [
              [ "", "", 0 ]
            ]
          ]
        ]
      ]
   ],
   "badelements": [
      [
        [
          [
            "AOI21X1:_54_",
            [
              [ "A", 3 ],
              [ "B", 2 ],
              [ "C", 2 ],
              [ "Y", 4 ],
              [ "gnd", 21 ],
              [ "vdd", 21 ]
            ]
          ]
        ], [
          [
            "AOI21X1:_54_",
            [
              [ "A", 3 ],
              [ "B", 2 ],
              [ "C", 2 ],
              [ "Y", 4 ],
              [ "gnd", 56 ],
              [ "vdd", 56 ]
            ]
          ]
        ]
      ],
      [
        [
          [
            "INVX1:_73_",
            [
              [ "A", 3 ],
              [ "Y", 3 ],
              [ "gnd", 25 ],
              [ "vdd", 23 ]
            ]
          ]
        ], [
          [
            "INVX1:_73_",
            [
              [ "A", 3 ],
              [ "Y", 3 ],
              [ "gnd", 56 ],
              [ "vdd", 56 ]
            ]
          ]
        ]
      ],
      [
        [
          [
            "BUFX2:_86_",
            [
              [ "A", 2 ],
              [ "Y", 1 ],
              [ "gnd", 25 ],
              [ "vdd", 12 ]
            ]
          ],
          [
            "BUFX2:_87_",
            [
              [ "A", 2 ],
              [ "Y", 1 ],
              [ "gnd", 25 ],
              [ "vdd", 12 ]
            ]
          ],
          [
            "BUFX2:_90_",
            [
              [ "A", 2 ],
              [ "Y", 1 ],
              [ "gnd", 25 ],
              [ "vdd", 12 ]
            ]
          ],
          [
            "BUFX2:_91_",
            [
              [ "A", 2 ],
              [ "Y", 1 ],
              [ "gnd", 25 ],
              [ "vdd", 12 ]
            ]
          ],
          [
            "BUFX2:_92_",
            [
              [ "A", 2 ],
              [ "Y", 1 ],
              [ "gnd", 25 ],
              [ "vdd", 12 ]
            ]
          ],
          [
            "BUFX2:_94_",
            [
              [ "A", 2 ],
              [ "Y", 1 ],
              [ "gnd", 25 ],
              [ "vdd", 12 ]
            ]
          ],
          [
            "BUFX2:_88_",
            [
              [ "A", 2 ],
              [ "Y", 1 ],
              [ "gnd", 10 ],
              [ "vdd", 21 ]
            ]
          ],
          [
            "(no matching instance)",
            [
              [ "", 0 ]
            ]
          ],
          [
            "(no matching instance)",
            [
              [ "", 0 ]
            ]
          ]
        ], [
          [
            "BUFX2:_87_",
            [
              [ "A", 2 ],
              [ "Y", 1 ],
              [ "gnd", 56 ],
              [ "vdd", 56 ]
            ]
          ],
          [
            "BUFX2:_90_",
            [
              [ "A", 2 ],
              [ "Y", 1 ],
              [ "gnd", 56 ],
              [ "vdd", 56 ]
            ]
          ],
          [
            "BUFX2:_93_",
            [
              [ "A", 2 ],
              [ "Y", 1 ],
              [ "gnd", 56 ],
              [ "vdd", 56 ]
            ]
          ],
          [
            "BUFX2:_88_",
            [
              [ "A", 2 ],
              [ "Y", 1 ],
              [ "gnd", 56 ],
              [ "vdd", 56 ]
            ]
          ],
          [
            "BUFX2:_91_",
            [
              [ "A", 2 ],
              [ "Y", 1 ],
              [ "gnd", 56 ],
              [ "vdd", 56 ]
            ]
          ],
          [
            "BUFX2:_94_",
            [
              [ "A", 2 ],
              [ "Y", 1 ],
              [ "gnd", 56 ],
              [ "vdd", 56 ]
            ]
          ],
          [
            "BUFX2:_86_",
            [
              [ "A", 2 ],
              [ "Y", 1 ],
              [ "gnd", 56 ],
              [ "vdd", 56 ]
            ]
          ],
          [
            "BUFX2:_89_",
            [
              [ "A", 2 ],
              [ "Y", 1 ],
              [ "gnd", 56 ],
              [ "vdd", 56 ]
            ]
          ],
          [
            "BUFX2:_92_",
            [
              [ "A", 2 ],
              [ "Y", 1 ],
              [ "gnd", 56 ],
              [ "vdd", 56 ]
            ]
          ]
        ]
      ],
      [
        [
          [
            "OAI21X1:_71_",
            [
              [ "A", 4 ],
              [ "B", 4 ],
              [ "C", 3 ],
              [ "Y", 2 ],
              [ "gnd", 10 ],
              [ "vdd", 21 ]
            ]
          ],
          [
            "OAI21X1:_77_",
            [
              [ "A", 3 ],
              [ "B", 5 ],
              [ "C", 2 ],
              [ "Y", 2 ],
              [ "gnd", 25 ],
              [ "vdd", 12 ]
            ]
          ]
        ], [
          [
            "OAI21X1:_71_",
            [
              [ "A", 4 ],
              [ "B", 4 ],
              [ "C", 3 ],
              [ "Y", 2 ],
              [ "gnd", 56 ],
              [ "vdd", 56 ]
            ]
          ],
          [
            "OAI21X1:_77_",
            [
              [ "A", 3 ],
              [ "B", 5 ],
              [ "C", 2 ],
              [ "Y", 2 ],
              [ "gnd", 56 ],
              [ "vdd", 56 ]
            ]
          ]
        ]
      ],
      [
        [
          [
            "XNOR2X1:_72_",
            [
              [ "A", 4 ],
              [ "B", 2 ],
              [ "Y", 2 ],
              [ "gnd", 10 ],
              [ "vdd", 21 ]
            ]
          ],
          [
            "XNOR2X1:_55_",
            [
              [ "A", 2 ],
              [ "B", 2 ],
              [ "Y", 4 ],
              [ "gnd", 10 ],
              [ "vdd", 21 ]
            ]
          ],
          [
            "XNOR2X1:_56_",
            [
              [ "A", 2 ],
              [ "B", 2 ],
              [ "Y", 4 ],
              [ "gnd", 10 ],
              [ "vdd", 21 ]
            ]
          ],
          [
            "XNOR2X1:_45_",
            [
              [ "A", 2 ],
              [ "B", 2 ],
              [ "Y", 4 ],
              [ "gnd", 10 ],
              [ "vdd", 21 ]
            ]
          ],
          [
            "XNOR2X1:_78_",
            [
              [ "A", 2 ],
              [ "B", 2 ],
              [ "Y", 2 ],
              [ "gnd", 25 ],
              [ "vdd", 12 ]
            ]
          ],
          [
            "XNOR2X1:_44_",
            [
              [ "A", 2 ],
              [ "B", 2 ],
              [ "Y", 4 ],
              [ "gnd", 21 ],
              [ "vdd", 23 ]
            ]
          ]
        ], [
          [
            "XNOR2X1:_72_",
            [
              [ "A", 4 ],
              [ "B", 2 ],
              [ "Y", 2 ],
              [ "gnd", 56 ],
              [ "vdd", 56 ]
            ]
          ],
          [
            "XNOR2X1:_78_",
            [
              [ "A", 2 ],
              [ "B", 2 ],
              [ "Y", 2 ],
              [ "gnd", 56 ],
              [ "vdd", 56 ]
            ]
          ],
          [
            "(no matching instance)",
            [
              [ "", 0 ]
            ]
          ],
          [
            "(no matching instance)",
            [
              [ "", 0 ]
            ]
          ],
          [
            "(no matching instance)",
            [
              [ "", 0 ]
            ]
          ],
          [
            "(no matching instance)",
            [
              [ "", 0 ]
            ]
          ]
        ]
      ],
      [
        [
          [
            "NAND3X1:_50_",
            [
              [ "A", 2 ],
              [ "B", 2 ],
              [ "C", 2 ],
              [ "Y", 2 ],
              [ "gnd", 21 ],
              [ "vdd", 23 ]
            ]
          ],
          [
            "NAND3X1:_42_",
            [
              [ "A", 4 ],
              [ "B", 3 ],
              [ "C", 3 ],
              [ "Y", 2 ],
              [ "gnd", 25 ],
              [ "vdd", 23 ]
            ]
          ],
          [
            "NAND3X1:_65_",
            [
              [ "A", 4 ],
              [ "B", 4 ],
              [ "C", 3 ],
              [ "Y", 3 ],
              [ "gnd", 25 ],
              [ "vdd", 23 ]
            ]
          ]
        ], [
          [
            "NAND3X1:_50_",
            [
              [ "A", 2 ],
              [ "B", 2 ],
              [ "C", 2 ],
              [ "Y", 2 ],
              [ "gnd", 56 ],
              [ "vdd", 56 ]
            ]
          ],
          [
            "NAND3X1:_65_",
            [
              [ "A", 4 ],
              [ "B", 4 ],
              [ "C", 3 ],
              [ "Y", 3 ],
              [ "gnd", 56 ],
              [ "vdd", 56 ]
            ]
          ],
          [
            "NAND3X1:_42_",
            [
              [ "A", 4 ],
              [ "B", 3 ],
              [ "C", 3 ],
              [ "Y", 2 ],
              [ "gnd", 56 ],
              [ "vdd", 56 ]
            ]
          ]
        ]
      ],
      [
        [
          [
            "XOR2X1:_84_",
            [
              [ "A", 4 ],
              [ "B", 2 ],
              [ "Y", 2 ],
              [ "gnd", 21 ],
              [ "vdd", 21 ]
            ]
          ],
          [
            "XOR2X1:_85_",
            [
              [ "A", 2 ],
              [ "B", 2 ],
              [ "Y", 2 ],
              [ "gnd", 25 ],
              [ "vdd", 12 ]
            ]
          ],
          [
            "XOR2X1:_68_",
            [
              [ "A", 3 ],
              [ "B", 3 ],
              [ "Y", 2 ],
              [ "gnd", 21 ],
              [ "vdd", 23 ]
            ]
          ],
          [
            "XOR2X1:_69_",
            [
              [ "A", 3 ],
              [ "B", 2 ],
              [ "Y", 2 ],
              [ "gnd", 21 ],
              [ "vdd", 23 ]
            ]
          ],
          [
            "XOR2X1:_70_",
            [
              [ "A", 4 ],
              [ "B", 4 ],
              [ "Y", 2 ],
              [ "gnd", 21 ],
              [ "vdd", 21 ]
            ]
          ],
          [
            "XOR2X1:_74_",
            [
              [ "A", 3 ],
              [ "B", 5 ],
              [ "Y", 2 ],
              [ "gnd", 25 ],
              [ "vdd", 12 ]
            ]
          ],
          [
            "XOR2X1:_64_",
            [
              [ "A", 3 ],
              [ "B", 3 ],
              [ "Y", 3 ],
              [ "gnd", 25 ],
              [ "vdd", 23 ]
            ]
          ],
          [
            "XOR2X1:_81_",
            [
              [ "A", 4 ],
              [ "B", 3 ],
              [ "Y", 2 ],
              [ "gnd", 21 ],
              [ "vdd", 23 ]
            ]
          ]
        ], [
          [
            "XOR2X1:_69_",
            [
              [ "A", 3 ],
              [ "B", 2 ],
              [ "Y", 2 ],
              [ "gnd", 56 ],
              [ "vdd", 56 ]
            ]
          ],
          [
            "XOR2X1:_81_",
            [
              [ "A", 4 ],
              [ "B", 3 ],
              [ "Y", 2 ],
              [ "gnd", 56 ],
              [ "vdd", 56 ]
            ]
          ],
          [
            "XOR2X1:_84_",
            [
              [ "A", 4 ],
              [ "B", 2 ],
              [ "Y", 2 ],
              [ "gnd", 56 ],
              [ "vdd", 56 ]
            ]
          ],
          [
            "XOR2X1:_64_",
            [
              [ "A", 3 ],
              [ "B", 3 ],
              [ "Y", 3 ],
              [ "gnd", 56 ],
              [ "vdd", 56 ]
            ]
          ],
          [
            "XOR2X1:_70_",
            [
              [ "A", 4 ],
              [ "B", 4 ],
              [ "Y", 2 ],
              [ "gnd", 56 ],
              [ "vdd", 56 ]
            ]
          ],
          [
            "XOR2X1:_85_",
            [
              [ "A", 2 ],
              [ "B", 2 ],
              [ "Y", 2 ],
              [ "gnd", 56 ],
              [ "vdd", 56 ]
            ]
          ],
          [
            "XOR2X1:_68_",
            [
              [ "A", 3 ],
              [ "B", 3 ],
              [ "Y", 2 ],
              [ "gnd", 56 ],
              [ "vdd", 56 ]
            ]
          ],
          [
            "XOR2X1:_74_",
            [
              [ "A", 3 ],
              [ "B", 5 ],
              [ "Y", 2 ],
              [ "gnd", 56 ],
              [ "vdd", 56 ]
            ]
          ]
        ]
      ],
      [
        [
          [
            "NAND2X1:_39_",
            [
              [ "A", 2 ],
              [ "B", 2 ],
              [ "Y", 2 ],
              [ "gnd", 21 ],
              [ "vdd", 23 ]
            ]
          ],
          [
            "NAND2X1:_75_",
            [
              [ "A", 4 ],
              [ "B", 4 ],
              [ "Y", 2 ],
              [ "gnd", 25 ],
              [ "vdd", 23 ]
            ]
          ],
          [
            "NAND2X1:_59_",
            [
              [ "A", 2 ],
              [ "B", 2 ],
              [ "Y", 2 ],
              [ "gnd", 10 ],
              [ "vdd", 21 ]
            ]
          ],
          [
            "NAND2X1:_76_",
            [
              [ "A", 3 ],
              [ "B", 3 ],
              [ "Y", 2 ],
              [ "gnd", 25 ],
              [ "vdd", 12 ]
            ]
          ],
          [
            "NAND2X1:_40_",
            [
              [ "A", 2 ],
              [ "B", 2 ],
              [ "Y", 4 ],
              [ "gnd", 25 ],
              [ "vdd", 23 ]
            ]
          ],
          [
            "NAND2X1:_60_",
            [
              [ "A", 2 ],
              [ "B", 2 ],
              [ "Y", 3 ],
              [ "gnd", 10 ],
              [ "vdd", 21 ]
            ]
          ],
          [
            "NAND2X1:_48_",
            [
              [ "A", 2 ],
              [ "B", 2 ],
              [ "Y", 3 ],
              [ "gnd", 21 ],
              [ "vdd", 21 ]
            ]
          ]
        ], [
          [
            "NAND2X1:_75_",
            [
              [ "A", 4 ],
              [ "B", 4 ],
              [ "Y", 2 ],
              [ "gnd", 56 ],
              [ "vdd", 56 ]
            ]
          ],
          [
            "NAND2X1:_40_",
            [
              [ "A", 2 ],
              [ "B", 2 ],
              [ "Y", 4 ],
              [ "gnd", 56 ],
              [ "vdd", 56 ]
            ]
          ],
          [
            "NAND2X1:_76_",
            [
              [ "A", 3 ],
              [ "B", 3 ],
              [ "Y", 2 ],
              [ "gnd", 56 ],
              [ "vdd", 56 ]
            ]
          ],
          [
            "(no matching instance)",
            [
              [ "", 0 ]
            ]
          ],
          [
            "(no matching instance)",
            [
              [ "", 0 ]
            ]
          ],
          [
            "(no matching instance)",
            [
              [ "", 0 ]
            ]
          ],
          [
            "(no matching instance)",
            [
              [ "", 0 ]
            ]
          ]
        ]
      ],
      [
        [
          [
            "NOR3X1:_66_",
            [
              [ "A", 5 ],
              [ "B", 3 ],
              [ "C", 3 ],
              [ "Y", 2 ],
              [ "gnd", 25 ],
              [ "vdd", 23 ]
            ]
          ]
        ], [
          [
            "NOR3X1:_66_",
            [
              [ "A", 5 ],
              [ "B", 3 ],
              [ "C", 3 ],
              [ "Y", 2 ],
              [ "gnd", 56 ],
              [ "vdd", 56 ]
            ]
          ]
        ]
      ],
      [
        [
          [
            "OR2X2:_67_",
            [
              [ "A", 2 ],
              [ "B", 2 ],
              [ "Y", 2 ],
              [ "gnd", 25 ],
              [ "vdd", 23 ]
            ]
          ],
          [
            "OR2X2:_53_",
            [
              [ "A", 3 ],
              [ "B", 3 ],
              [ "Y", 2 ],
              [ "gnd", 21 ],
              [ "vdd", 21 ]
            ]
          ],
          [
            "OR2X2:_57_",
            [
              [ "A", 4 ],
              [ "B", 4 ],
              [ "Y", 2 ],
              [ "gnd", 21 ],
              [ "vdd", 21 ]
            ]
          ],
          [
            "OR2X2:_58_",
            [
              [ "A", 2 ],
              [ "B", 4 ],
              [ "Y", 2 ],
              [ "gnd", 21 ],
              [ "vdd", 21 ]
            ]
          ],
          [
            "OR2X2:_79_",
            [
              [ "A", 3 ],
              [ "B", 5 ],
              [ "Y", 2 ],
              [ "gnd", 25 ],
              [ "vdd", 23 ]
            ]
          ],
          [
            "OR2X2:_41_",
            [
              [ "A", 2 ],
              [ "B", 2 ],
              [ "Y", 4 ],
              [ "gnd", 25 ],
              [ "vdd", 12 ]
            ]
          ],
          [
            "OR2X2:_61_",
            [
              [ "A", 4 ],
              [ "B", 3 ],
              [ "Y", 2 ],
              [ "gnd", 10 ],
              [ "vdd", 21 ]
            ]
          ],
          [
            "OR2X2:_46_",
            [
              [ "A", 4 ],
              [ "B", 4 ],
              [ "Y", 3 ],
              [ "gnd", 21 ],
              [ "vdd", 23 ]
            ]
          ],
          [
            "OR2X2:_47_",
            [
              [ "A", 3 ],
              [ "B", 3 ],
              [ "Y", 2 ],
              [ "gnd", 25 ],
              [ "vdd", 23 ]
            ]
          ],
          [
            "OR2X2:_82_",
            [
              [ "A", 4 ],
              [ "B", 3 ],
              [ "Y", 2 ],
              [ "gnd", 21 ],
              [ "vdd", 21 ]
            ]
          ],
          [
            "OR2X2:_49_",
            [
              [ "A", 4 ],
              [ "B", 3 ],
              [ "Y", 2 ],
              [ "gnd", 21 ],
              [ "vdd", 23 ]
            ]
          ]
        ], [
          [
            "OR2X2:_46_",
            [
              [ "A", 4 ],
              [ "B", 4 ],
              [ "Y", 3 ],
              [ "gnd", 56 ],
              [ "vdd", 56 ]
            ]
          ],
          [
            "OR2X2:_49_",
            [
              [ "A", 4 ],
              [ "B", 3 ],
              [ "Y", 2 ],
              [ "gnd", 56 ],
              [ "vdd", 56 ]
            ]
          ],
          [
            "OR2X2:_61_",
            [
              [ "A", 4 ],
              [ "B", 3 ],
              [ "Y", 2 ],
              [ "gnd", 56 ],
              [ "vdd", 56 ]
            ]
          ],
          [
            "OR2X2:_82_",
            [
              [ "A", 4 ],
              [ "B", 3 ],
              [ "Y", 2 ],
              [ "gnd", 56 ],
              [ "vdd", 56 ]
            ]
          ],
          [
            "OR2X2:_58_",
            [
              [ "A", 2 ],
              [ "B", 4 ],
              [ "Y", 2 ],
              [ "gnd", 56 ],
              [ "vdd", 56 ]
            ]
          ],
          [
            "OR2X2:_67_",
            [
              [ "A", 2 ],
              [ "B", 2 ],
              [ "Y", 2 ],
              [ "gnd", 56 ],
              [ "vdd", 56 ]
            ]
          ],
          [
            "OR2X2:_41_",
            [
              [ "A", 2 ],
              [ "B", 2 ],
              [ "Y", 4 ],
              [ "gnd", 56 ],
              [ "vdd", 56 ]
            ]
          ],
          [
            "OR2X2:_79_",
            [
              [ "A", 3 ],
              [ "B", 5 ],
              [ "Y", 2 ],
              [ "gnd", 56 ],
              [ "vdd", 56 ]
            ]
          ],
          [
            "OR2X2:_57_",
            [
              [ "A", 4 ],
              [ "B", 4 ],
              [ "Y", 2 ],
              [ "gnd", 56 ],
              [ "vdd", 56 ]
            ]
          ],
          [
            "(no matching instance)",
            [
              [ "", 0 ]
            ]
          ],
          [
            "(no matching instance)",
            [
              [ "", 0 ]
            ]
          ]
        ]
      ],
      [
        [
          [
            "AND2X2:_51_",
            [
              [ "A", 3 ],
              [ "B", 3 ],
              [ "Y", 2 ],
              [ "gnd", 21 ],
              [ "vdd", 21 ]
            ]
          ],
          [
            "AND2X2:_52_",
            [
              [ "A", 2 ],
              [ "B", 2 ],
              [ "Y", 3 ],
              [ "gnd", 25 ],
              [ "vdd", 23 ]
            ]
          ],
          [
            "AND2X2:_43_",
            [
              [ "A", 2 ],
              [ "B", 4 ],
              [ "Y", 3 ],
              [ "gnd", 25 ],
              [ "vdd", 23 ]
            ]
          ],
          [
            "AND2X2:_62_",
            [
              [ "A", 2 ],
              [ "B", 2 ],
              [ "Y", 2 ],
              [ "gnd", 10 ],
              [ "vdd", 21 ]
            ]
          ],
          [
            "AND2X2:_80_",
            [
              [ "A", 2 ],
              [ "B", 3 ],
              [ "Y", 3 ],
              [ "gnd", 25 ],
              [ "vdd", 23 ]
            ]
          ],
          [
            "AND2X2:_63_",
            [
              [ "A", 2 ],
              [ "B", 2 ],
              [ "Y", 5 ],
              [ "gnd", 21 ],
              [ "vdd", 21 ]
            ]
          ],
          [
            "AND2X2:_83_",
            [
              [ "A", 2 ],
              [ "B", 3 ],
              [ "Y", 2 ],
              [ "gnd", 21 ],
              [ "vdd", 21 ]
            ]
          ]
        ], [
          [
            "AND2X2:_63_",
            [
              [ "A", 2 ],
              [ "B", 2 ],
              [ "Y", 5 ],
              [ "gnd", 56 ],
              [ "vdd", 56 ]
            ]
          ],
          [
            "AND2X2:_43_",
            [
              [ "A", 2 ],
              [ "B", 4 ],
              [ "Y", 3 ],
              [ "gnd", 56 ],
              [ "vdd", 56 ]
            ]
          ],
          [
            "AND2X2:_52_",
            [
              [ "A", 2 ],
              [ "B", 2 ],
              [ "Y", 3 ],
              [ "gnd", 56 ],
              [ "vdd", 56 ]
            ]
          ],
          [
            "AND2X2:_62_",
            [
              [ "A", 2 ],
              [ "B", 2 ],
              [ "Y", 2 ],
              [ "gnd", 56 ],
              [ "vdd", 56 ]
            ]
          ],
          [
            "AND2X2:_80_",
            [
              [ "A", 2 ],
              [ "B", 3 ],
              [ "Y", 3 ],
              [ "gnd", 56 ],
              [ "vdd", 56 ]
            ]
          ],
          [
            "AND2X2:_83_",
            [
              [ "A", 2 ],
              [ "B", 3 ],
              [ "Y", 2 ],
              [ "gnd", 56 ],
              [ "vdd", 56 ]
            ]
          ],
          [
            "AND2X2:_51_",
            [
              [ "A", 3 ],
              [ "B", 3 ],
              [ "Y", 2 ],
              [ "gnd", 56 ],
              [ "vdd", 56 ]
            ]
          ]
        ]
      ]
   ],
   "pins": [
      [
        "c[0]",
        "c[1]",
        "c[4]",
        "c[5]",
        "c[6]",
        "c[8]",
        "c[2]"
      ], [
        "c[1]",
        "c[4]",
        "c[7]",
        "c[2]",
        "c[5]",
        "c[8]",
        "c[0]"
      ]
   ]
  }
]
