[
  {
   "pins": [
      [
        "A",
        "gnd",
        "Y",
        "vdd"
      ], [
        "A",
        "gnd",
        "Y",
        "vdd"
      ]
   ]
  },
  {
   "pins": [
      [
        "A",
        "B",
        "C",
        "gnd",
        "Y",
        "vdd"
      ], [
        "A",
        "B",
        "C",
        "gnd",
        "Y",
        "vdd"
      ]
   ]
  },
  {
   "name": [
      "m_nor3_gate",
      "m_nor3_gate"
   ],
   "devices": [
       [
         ["BUFX2", 1],
         ["NOR3X1", 1 ]
       ], [
         ["BUFX2", 1 ],
         ["NOR3X1", 1 ]
       ]
   ],
   "nets": [
    7,
    7
   ],
   "badnets": [
   ],
   "badelements": [
   ],
   "pins": [
      [
        "A",
        "C",
        "B",
        "Y",
        "vdd",
        "gnd"
      ], [
        "A",
        "C",
        "B",
        "Y",
        "vdd",
        "gnd"
      ]
   ]
  }
]
